id,account_key,entry_observed,entry_quote_t,expiry_target,settled_observed,exit_quote_t,direction,entry,exit,payout,stake,pnl,status,settlement_delay,decision_bar_t
1,EURUSD-5/rl,1704097220.0,1704097219,1704097520.0,1704097521.0,1704097520,1,1.12,1.13,0.8,10.0,8.0,WIN,1.0,1704096900
2,EURUSD-5/up,1704097220.0,1704097219,1704097520.0,1704097521.0,1704097520,1,1.12,1.13,0.8,10.0,8.0,WIN,1.0,1704096900
3,EURUSD-5/down,1704097220.0,1704097219,1704097520.0,1704097521.0,1704097520,2,1.12,1.13,0.8,10.0,-10.0,LOSS,1.0,1704096900
4,EURUSD-5/momentum,1704097220.0,1704097219,1704097520.0,1704097521.0,1704097520,1,1.12,1.13,0.8,10.0,8.0,WIN,1.0,1704096900
5,EURUSD-5/random,1704097220.0,1704097219,1704097520.0,1704097521.0,1704097520,1,1.12,1.13,0.8,10.0,8.0,WIN,1.0,1704096900
6,EURUSD-10/rl,1704097220.0,1704097219,1704097820.0,1704097530.0,,1,1.12,,0.8,10.0,,VOID_RUN_ENDED,,1704096900
7,EURUSD-10/up,1704097220.0,1704097219,1704097820.0,1704097530.0,,1,1.12,,0.8,10.0,,VOID_RUN_ENDED,,1704096900
8,EURUSD-10/down,1704097220.0,1704097219,1704097820.0,1704097530.0,,2,1.12,,0.8,10.0,,VOID_RUN_ENDED,,1704096900
9,EURUSD-10/momentum,1704097220.0,1704097219,1704097820.0,1704097530.0,,1,1.12,,0.8,10.0,,VOID_RUN_ENDED,,1704096900
10,EURUSD-10/random,1704097220.0,1704097219,1704097820.0,1704097530.0,,1,1.12,,0.8,10.0,,VOID_RUN_ENDED,,1704096900
11,EURUSD-15/rl,1704097220.0,1704097219,1704098120.0,1704097530.0,,1,1.12,,0.8,10.0,,VOID_RUN_ENDED,,1704096900
12,EURUSD-15/up,1704097220.0,1704097219,1704098120.0,1704097530.0,,1,1.12,,0.8,10.0,,VOID_RUN_ENDED,,1704096900
13,EURUSD-15/down,1704097220.0,1704097219,1704098120.0,1704097530.0,,2,1.12,,0.8,10.0,,VOID_RUN_ENDED,,1704096900
14,EURUSD-15/momentum,1704097220.0,1704097219,1704098120.0,1704097530.0,,1,1.12,,0.8,10.0,,VOID_RUN_ENDED,,1704096900
15,EURUSD-15/random,1704097220.0,1704097219,1704098120.0,1704097530.0,,2,1.12,,0.8,10.0,,VOID_RUN_ENDED,,1704096900
16,USDJPY-5/rl,1704097220.0,1704097219,1704097520.0,1704097521.0,1704097520,1,1.12,1.13,0.8,10.0,8.0,WIN,1.0,1704096900
17,USDJPY-5/up,1704097220.0,1704097219,1704097520.0,1704097521.0,1704097520,1,1.12,1.13,0.8,10.0,8.0,WIN,1.0,1704096900
18,USDJPY-5/down,1704097220.0,1704097219,1704097520.0,1704097521.0,1704097520,2,1.12,1.13,0.8,10.0,-10.0,LOSS,1.0,1704096900
19,USDJPY-5/momentum,1704097220.0,1704097219,1704097520.0,1704097521.0,1704097520,1,1.12,1.13,0.8,10.0,8.0,WIN,1.0,1704096900
20,USDJPY-5/random,1704097220.0,1704097219,1704097520.0,1704097521.0,1704097520,1,1.12,1.13,0.8,10.0,8.0,WIN,1.0,1704096900
21,USDJPY-10/rl,1704097220.0,1704097219,1704097820.0,1704097530.0,,1,1.12,,0.8,10.0,,VOID_RUN_ENDED,,1704096900
22,USDJPY-10/up,1704097220.0,1704097219,1704097820.0,1704097530.0,,1,1.12,,0.8,10.0,,VOID_RUN_ENDED,,1704096900
23,USDJPY-10/down,1704097220.0,1704097219,1704097820.0,1704097530.0,,2,1.12,,0.8,10.0,,VOID_RUN_ENDED,,1704096900
24,USDJPY-10/momentum,1704097220.0,1704097219,1704097820.0,1704097530.0,,1,1.12,,0.8,10.0,,VOID_RUN_ENDED,,1704096900
25,USDJPY-10/random,1704097220.0,1704097219,1704097820.0,1704097530.0,,2,1.12,,0.8,10.0,,VOID_RUN_ENDED,,1704096900
26,USDJPY-15/rl,1704097220.0,1704097219,1704098120.0,1704097530.0,,1,1.12,,0.8,10.0,,VOID_RUN_ENDED,,1704096900
27,USDJPY-15/up,1704097220.0,1704097219,1704098120.0,1704097530.0,,1,1.12,,0.8,10.0,,VOID_RUN_ENDED,,1704096900
28,USDJPY-15/down,1704097220.0,1704097219,1704098120.0,1704097530.0,,2,1.12,,0.8,10.0,,VOID_RUN_ENDED,,1704096900
29,USDJPY-15/momentum,1704097220.0,1704097219,1704098120.0,1704097530.0,,1,1.12,,0.8,10.0,,VOID_RUN_ENDED,,1704096900
30,USDJPY-15/random,1704097220.0,1704097219,1704098120.0,1704097530.0,,2,1.12,,0.8,10.0,,VOID_RUN_ENDED,,1704096900
31,AUDUSD-5/rl,1704097220.0,1704097219,1704097520.0,1704097521.0,1704097520,1,1.12,1.13,0.8,10.0,8.0,WIN,1.0,1704096900
32,AUDUSD-5/up,1704097220.0,1704097219,1704097520.0,1704097521.0,1704097520,1,1.12,1.13,0.8,10.0,8.0,WIN,1.0,1704096900
33,AUDUSD-5/down,1704097220.0,1704097219,1704097520.0,1704097521.0,1704097520,2,1.12,1.13,0.8,10.0,-10.0,LOSS,1.0,1704096900
34,AUDUSD-5/momentum,1704097220.0,1704097219,1704097520.0,1704097521.0,1704097520,1,1.12,1.13,0.8,10.0,8.0,WIN,1.0,1704096900
35,AUDUSD-5/random,1704097220.0,1704097219,1704097520.0,1704097521.0,1704097520,1,1.12,1.13,0.8,10.0,8.0,WIN,1.0,1704096900
36,AUDUSD-10/rl,1704097220.0,1704097219,1704097820.0,1704097530.0,,1,1.12,,0.8,10.0,,VOID_RUN_ENDED,,1704096900
37,AUDUSD-10/up,1704097220.0,1704097219,1704097820.0,1704097530.0,,1,1.12,,0.8,10.0,,VOID_RUN_ENDED,,1704096900
38,AUDUSD-10/down,1704097220.0,1704097219,1704097820.0,1704097530.0,,2,1.12,,0.8,10.0,,VOID_RUN_ENDED,,1704096900
39,AUDUSD-10/momentum,1704097220.0,1704097219,1704097820.0,1704097530.0,,1,1.12,,0.8,10.0,,VOID_RUN_ENDED,,1704096900
40,AUDUSD-10/random,1704097220.0,1704097219,1704097820.0,1704097530.0,,1,1.12,,0.8,10.0,,VOID_RUN_ENDED,,1704096900
41,AUDUSD-15/rl,1704097220.0,1704097219,1704098120.0,1704097530.0,,1,1.12,,0.8,10.0,,VOID_RUN_ENDED,,1704096900
42,AUDUSD-15/up,1704097220.0,1704097219,1704098120.0,1704097530.0,,1,1.12,,0.8,10.0,,VOID_RUN_ENDED,,1704096900
43,AUDUSD-15/down,1704097220.0,1704097219,1704098120.0,1704097530.0,,2,1.12,,0.8,10.0,,VOID_RUN_ENDED,,1704096900
44,AUDUSD-15/momentum,1704097220.0,1704097219,1704098120.0,1704097530.0,,1,1.12,,0.8,10.0,,VOID_RUN_ENDED,,1704096900
45,AUDUSD-15/random,1704097220.0,1704097219,1704098120.0,1704097530.0,,2,1.12,,0.8,10.0,,VOID_RUN_ENDED,,1704096900
